{"cameraMode":{"drawMode":0,"name":"Shaded","section":"Shading Mode"},"sceneLighting":false,"audioPlay":false,"sceneViewState":{"m_AlwaysRefresh":false,"showFog":true,"showSkybox":false,"showFlares":true,"showImageEffects":true,"showParticleSystems":true,"showVisualEffectGraphs":true,"m_FxEnabled":true},"in2DMode":false,"pivot":{"x":0.024660587310791017,"y":0.7808709740638733,"z":0.13654661178588868},"rotation":{"x":-0.16541115939617158,"y":-0.6563318967819214,"z":0.14386911690235139,"w":-0.7229194641113281},"size":2.976949453353882,"orthographic":false}