{"cameraMode":{"drawMode":0,"name":"Shaded","section":"Shading Mode"},"sceneLighting":false,"audioPlay":false,"sceneViewState":{"m_AlwaysRefresh":false,"showFog":true,"showSkybox":false,"showFlares":true,"showImageEffects":true,"showParticleSystems":true,"showVisualEffectGraphs":true,"m_FxEnabled":true},"in2DMode":false,"pivot":{"x":-1.0170001983642579,"y":0.06399987637996674,"z":-2.9680023193359377},"rotation":{"x":-0.04016072675585747,"y":0.9381253123283386,"z":-0.11626007407903671,"w":-0.32382410764694216},"size":0.8660253882408142,"orthographic":false}