{"cameraMode":{"drawMode":0,"name":"Shaded","section":"Shading Mode"},"sceneLighting":false,"audioPlay":false,"sceneViewState":{"m_AlwaysRefresh":false,"showFog":true,"showSkybox":false,"showFlares":true,"showImageEffects":true,"showParticleSystems":true,"showVisualEffectGraphs":true,"m_FxEnabled":true},"in2DMode":false,"pivot":{"x":-14.843780517578125,"y":14.852703094482422,"z":9.69243335723877},"rotation":{"x":0.07883889228105545,"y":-0.27156180143356326,"z":0.025343971326947213,"w":0.9594570398330689},"size":9.972434043884278,"orthographic":false}