{"cameraMode":{"drawMode":0,"name":"Shaded","section":"Shading Mode"},"sceneLighting":false,"audioPlay":false,"sceneViewState":{"m_AlwaysRefresh":false,"showFog":true,"showSkybox":false,"showFlares":true,"showImageEffects":true,"showParticleSystems":true,"showVisualEffectGraphs":true,"m_FxEnabled":true},"in2DMode":false,"pivot":{"x":0.7358779907226563,"y":23.01582908630371,"z":-15.153131484985352},"rotation":{"x":-0.10937851667404175,"y":0.3136863112449646,"z":-0.037331633269786838,"w":-0.9426553845405579},"size":11.418180465698243,"orthographic":false}