{"cameraMode":{"drawMode":0,"name":"Shaded","section":"Shading Mode"},"sceneLighting":false,"audioPlay":false,"sceneViewState":{"m_AlwaysRefresh":false,"showFog":true,"showSkybox":false,"showFlares":true,"showImageEffects":true,"showParticleSystems":true,"showVisualEffectGraphs":true,"m_FxEnabled":true},"in2DMode":false,"pivot":{"x":-0.37216949462890627,"y":19.765628814697267,"z":261.72454833984377},"rotation":{"x":-0.10510138422250748,"y":-0.03405781462788582,"z":0.00271615874953568,"w":-0.994053304195404},"size":8.564231872558594,"orthographic":false}