{"cameraMode":{"drawMode":0,"name":"Shaded","section":"Shading Mode"},"sceneLighting":false,"audioPlay":false,"sceneViewState":{"m_AlwaysRefresh":false,"showFog":true,"showSkybox":false,"showFlares":true,"showImageEffects":true,"showParticleSystems":true,"showVisualEffectGraphs":true,"m_FxEnabled":true},"in2DMode":false,"pivot":{"x":0.06487846374511719,"y":1.7856299877166749,"z":1.237914800643921},"rotation":{"x":0.07541991770267487,"y":0.8264986872673035,"z":-0.11188553273677826,"w":0.5469593405723572},"size":25.344585418701173,"orthographic":false}