{"cameraMode":{"drawMode":0,"name":"Shaded","section":"Shading Mode"},"sceneLighting":false,"audioPlay":false,"sceneViewState":{"m_AlwaysRefresh":false,"showFog":true,"showSkybox":false,"showFlares":true,"showImageEffects":true,"showParticleSystems":true,"showVisualEffectGraphs":true,"m_FxEnabled":true},"in2DMode":false,"pivot":{"x":4.76837158203125e-7,"y":-0.000006198883056640625,"z":-9.5367431640625e-7},"rotation":{"x":-0.04016072675585747,"y":0.9381253123283386,"z":-0.11626007407903671,"w":-0.32382410764694216},"size":7.797755241394043,"orthographic":false}